Time,Demand
23,5680
22,5514
21,5578
20,5786
19,6082
18,6313
17,6484
16,6563
15,6627
14,6394
13,6312
12,6297
11,6313
10,6247
09,6352
08,6253
07,6287
06,5950
05,5998
04,6313
03,6620
02,6553
01,6336
00,6021
23,5890
22,5735
21,5812
20,5821
19,5963
18,6214
17,6257
16,6667
15,6659
14,6453
13,6280
12,6237
11,6019
10,6012
09,6120
08,6190
07,6338
06,6564
05,6835
04,6791
03,6792
02,6711
01,6348
00,6104
23,6116
22,6065
21,6059
20,6114
19,6210
18,6462
17,6525
16,6690
15,6705
14,6730
13,6594
12,6330
11,6168
10,6137
09,6152
08,6198
07,6331
06,6224
05,6311
04,6286
03,6367
02,6249
01,5977
00,5862
23,5765
22,5814
21,5873
20,5888
19,5873
18,5937
17,6282
16,6558
15,6547
14,6488
13,6185
12,6058
11,5989
10,5966
09,6070
08,5868
07,6109
06,6349
05,6378
04,6398
03,6451
02,6526
01,6361
00,5997
23,5794
22,5758
21,5837
20,5780
19,5767
18,5817
17,6026
16,6085
15,6033
14,6017
13,5926
12,5887
11,5809
10,5718
09,5691
08,6111
07,6304
06,6242
05,6232
04,6100
03,6190
02,6201
01,6027
00,5863
23,5842
22,5649
21,5551
20,5686
19,5856
18,5990
17,5931
16,6065
15,6018
14,6208
13,6157
12,6057
11,6068
10,6042
09,5955
08,5977
07,6163
06,6254
05,6141
04,5948
03,5844
02,5757
01,5653
00,5782
23,5935
22,5912
21,5810
20,5755
19,5796
18,5756
17,5853
16,6355
15,6545
14,6428
13,5942
12,5826
11,5873
10,5974
09,5936
08,5878
07,6113
06,6059
05,6196
04,6205
03,6201
02,6186
01,6049
00,5903
23,5644
22,5618
21,5664
20,5673
19,5801
18,6063
17,6141
16,6549
15,6560
14,6647
13,6448
12,6211
11,6009
10,6038
09,5976
08,6082
07,5943
06,5923
05,6424
04,6287
03,6241
02,6220
01,5879
00,6000
23,6016
22,5854
21,5666
20,5799
19,5756
18,5722
17,6133
16,6340
15,6151
14,6492
13,6174
12,6006
11,5688
10,5630
09,5602
08,5688
07,5563
06,5669
05,5875
04,6060
03,5971
02,5875
01,5675
00,5659
23,5666
22,5547
21,5470
20,5466
19,5681
18,5896
17,5958
16,6191
15,6217
14,6625
13,6483
12,6113
11,5942
10,5959
09,5953
08,5994
07,6033
06,6340
05,6677
04,6723
03,7007
02,6835
01,6477
00,6254
23,6030
22,5684
21,5654
20,6020
19,5986
18,6112
17,6102
16,6460
15,6538
14,6484
13,6253
12,5971
11,5805
10,5785
09,5815
08,5832
07,6066
06,6281
05,6288
04,6378
03,6330
02,6292
01,6226
00,5999
23,5806
22,5501
21,5531
20,5590
19,5799
18,6042
17,6020
16,5869
15,5983
14,5980
13,6001
12,6008
11,5986
10,5999
09,5988
08,6005
07,6147
06,6168
05,6170
04,6244
03,6532
02,6760
01,6541
00,6158
23,5998
22,6009
21,5819
20,5783
19,5854
18,6014
17,6098
16,6179
15,6146
14,5996
13,5899
12,5732
11,5652
10,5629
09,5749
08,6075
07,6252
06,6403
05,6573
04,6585
03,6468
02,6438
01,6182
00,6026
23,5648
22,5559
21,5524
20,5623
19,5727
18,5824
17,5894
16,6546
15,6513
14,6345
13,6125
12,5953
11,5869
10,5875
09,5933
08,5925
07,5988
06,6489
05,6725
04,6745
03,6734
02,6661
01,6504
00,6159
23,5864
22,5849
21,5718
20,5751
19,5677
18,5816
17,6188
16,6604
15,6602
14,6368
13,5971
12,5696
11,5676
10,5716
09,5760
08,5954
07,6089
06,6218
05,6325
04,6362
03,6137
02,6134
01,6042
00,5897
23,5659
22,5607
21,5642
20,5829
19,5804
18,5790
17,5942
16,6458
15,6817
14,6665
13,6255
12,5979
11,5906
10,5964
09,6009
08,6075
07,6137
06,6052
05,6062
04,6121
03,6111
02,6253
01,6664
00,6365
23,6013
22,5939
21,5905
20,6286
19,6520
18,6618
17,6536
16,6798
15,6748
14,6589
13,6430
12,6054
11,5896
10,5748
09,5694
08,5705
07,5939
06,6179
05,6304
04,6536
03,6403
02,6624
01,6503
00,6144
23,5979
22,5748
21,5838
20,5915
19,5946
18,5884
17,5958
16,6195
15,6238
14,6094
13,5825
12,5719
11,5690
10,5452
09,5564
08,5478
07,5623
06,6103
05,6120
04,6121
03,6371
02,6377
01,6030
00,5772
23,5577
22,5395
21,5456
20,5451
19,5430
18,5315
17,5496
16,5676
15,5676
14,5534
13,5949
12,5831
11,5803
10,5978
09,5978
08,6078
07,6234
06,6245
05,6443
04,6610
03,6569
02,6222
01,6489
00,6278
23,6188
22,6110
21,6008
20,6021
19,5820
18,5737
17,5844
16,6081
15,6096
14,6084
13,5823
12,5738
11,5616
10,5695
09,5947
08,6118
07,6189
06,6248
05,6254
04,6312
03,6390
02,6365
01,6183
00,5952
23,5769
22,5646
21,4935
20,4921
19,5380
18,5549
17,5856
16,5988
15,6173
14,6021
13,5662
12,5391
11,5395
10,5528
09,5646
08,5703
07,5718
06,5659
05,5664
04,5922
03,5983
02,6379
01,6103
00,6172
23,6157
22,6196
21,6034
20,6002
19,6000
18,5938
17,5895
16,5882
15,5748
14,5752
13,5845
12,5600
11,5502
10,5562
09,5660
08,5568
07,5767
06,6044
05,6402
04,6509
03,6421
02,6262
01,6121
00,5995
23,5922
22,5864
21,5823
20,5874
19,5838
18,5968
17,5783
16,6319
15,6359
14,6176
13,6002
12,5891
11,5786
10,5834
09,5897
08,6044
07,6260
06,6229
05,6453
04,6563
03,6569
02,6499
01,6026
00,5766
23,5690
22,5460
21,5583
20,5732
19,5812
18,5692
17,5628
16,5801
15,5941
14,6082
13,5950
12,5761
11,5676
10,5679
09,5664
08,5677
07,5601
06,5602
05,5673
04,6022
03,6150
02,6168
01,5912
00,5856
23,5900
22,5721
21,5496
20,5444
19,5607
18,5676
17,5741
16,5864
15,5664
14,5550
13,5462
12,5471
11,5446
10,5442
09,5367
08,5342
07,5583
06,5780
05,5710
04,5935
03,6113
02,6389
01,6098
00,6022
23,5772
22,5509
21,5462
20,5413
19,5381
18,5434
17,5452
16,5553
15,5460
14,5338
13,5347
12,5328
11,5331
10,5338
09,5592
08,5676
07,5662
06,5529
05,5398
04,5524
03,5582
02,5714
01,5969
00,6157
23,5967
22,5926
21,5849
20,5735
19,5764
18,5721
17,5630
16,5674
15,5615
14,5589
13,5569
12,5520
11,5461
10,5401
09,5411
08,5468
07,5710
06,5712
05,5557
04,5601
03,5470
02,5590
01,5707
00,5856
23,5657
22,5433
21,5383
20,5333
19,5339
18,5357
17,5365
16,5357
15,5319
14,5191
13,5275
12,5225
11,5216
10,5309
09,5307
08,5379
07,5679
06,5494
05,5651
04,5647
03,5678
02,5793
01,5956
00,6012
23,6009
22,5928
21,5916
20,5889
19,5863
18,5854
17,5748
16,5565
15,5611
14,5524
13,5517
12,5598
11,5623
10,5681
09,5701
08,5779
07,5830
06,5817
05,6063
04,5856
03,5644
02,5848
01,5844
00,5873
23,5838
22,5848
21,5761
20,5673
19,5749
18,5893
17,5878
16,5902
15,6006
14,5931
13,5856
12,5681
11,5658
10,5714
09,5676
08,5825
07,5898
06,5916
05,5889
04,5882
03,5693
02,5780
01,5759
00,5762
23,5913
22,5832
21,5800
20,5800
19,5891
18,5859
17,5919
16,5971
15,6082
14,5966
13,5743
12,5615
11,5562
10,5548
09,5749
08,5843
07,5980
06,6036
05,6277
04,6427
03,6543
02,6508
01,6188
00,5841
23,5707
22,5744
21,5723
20,5706
19,5681
18,5730
17,5932
16,6179
15,6228
14,6086
13,5937
12,5716
11,5579
10,5616
09,5772
08,5793
07,5797
06,6078
05,6327
04,6506
03,6485
02,6405
01,6149
00,5751
23,5654
22,5660
21,5619
20,5627
19,5614
18,5715
17,5724
16,5538
15,5424
14,5397
13,5407
12,5420
11,5558
10,5627
09,5644
08,5776
07,5934
06,6005
05,6027
04,6106
03,6192
02,6207
01,6050
00,5906
23,5825
22,5785
21,5667
20,5637
19,5627
18,5584
17,5569
16,5557
15,5331
14,5335
13,5344
12,5212
11,5176
10,5267
09,5349
08,5308
07,5342
06,5366
05,5483
04,5529
03,5629
02,5809
01,5775
00,5559
23,5498
22,5514
21,5596
20,5598
19,5634
18,5801
17,5791
16,5861
15,5710
14,5618
13,5512
12,5374
11,5385
10,5501
09,5545
08,5465
07,5491
06,5422
05,5550
04,5683
03,5862
02,6054
01,5961
00,6032
23,6136
22,6158
21,6014
20,5749
19,5903
18,5692
17,5731
16,5720
15,5777
14,5731
13,5574
12,5505
11,5599
10,5442
09,5471
08,5572
07,5664
06,5466
05,5533
04,5708
03,5893
02,6256
01,6150
00,5910
23,5665
22,5578
21,5629
20,5725
19,5769
18,5770
17,5737
16,5952
15,5831
14,5744
13,5481
12,5313
11,5293
10,5305
09,5306
08,5344
07,5753
06,5832
05,5924
04,6332
03,6466
02,6508
01,6099
00,5991
23,6091
22,5900
21,5809
20,5785
19,5837
18,5858
17,5806
16,5978
15,6033
14,5923
13,5612
12,5593
11,5551
10,5621
09,5611
08,5566
07,5871
06,5935
05,6194
04,6512
03,6545
02,6699
01,6489
00,6124
23,5994
22,5826
21,5686
20,5910
19,5867
18,5967
17,5815
16,6078
15,6003
14,5867
13,5629
12,5525
11,5386
10,5347
09,5377
08,5406
07,5723
06,5808
05,6073
04,6199
03,6310
02,6521
01,6309
00,6018
23,5853
22,5697
21,5566
20,5559
19,5790
18,5775
17,5633
16,5481
15,5558
14,5591
13,5534
12,5391
11,5360
10,5399
09,5403
08,5507
07,5794
06,6019
05,6222
04,6417
03,6391
02,6412
01,6223
00,5896
23,5650
22,5522
21,5471
20,5463
19,5433
18,5481
17,5500
16,5454
15,5391
14,5414
13,5471
12,5284
11,5277
10,5326
09,5453
08,5660
07,5837
06,6017
05,5948
04,6111
03,6317
02,6531
01,6232
00,6099
23,5984
22,5897
21,5903
20,5859
19,5897
18,5933
17,5968
16,5918
15,5943
14,5719
13,5540
12,5498
11,5410
10,5444
09,5600
08,5625
07,5755
06,5630
05,5717
04,6180
03,6603
02,6672
01,6401
00,6166
23,6065
22,6008
21,5931
20,5902
19,5863
18,5866
17,5763
16,5791
15,5923
14,5770
13,5450
12,5346
11,5228
10,5174
09,5197
08,5300
07,5634
06,5855
05,6217
04,6571
03,6529
02,6614
01,6432
00,6064
23,5997
22,5976
21,5674
20,5481
19,5492
18,5419
17,5504
16,5568
15,5681
14,5623
13,5292
12,5190
11,5145
10,5162
09,5550
08,5991
07,5939
06,5751
05,5886
04,5942
03,5980
02,5911
01,5772
00,5527
23,5462
22,5306
21,5243
20,5178
19,5174
18,5082
17,5299
16,5493
15,5412
14,5391
13,5012
12,4673
11,4406
10,4443
09,4468
08,4715
07,5184
06,5454
05,5752
04,5860
03,5936
02,5928
01,5655
00,5543
23,5216
22,5340
21,5228
20,5279
19,5138
18,4909
17,5325
16,5475
15,5457
14,5244
13,4872
12,4622
11,4582
10,4545
09,4697
08,4856
07,4976
06,5352
05,5536
04,5556
03,5577
02,5540
01,5194
00,4828
23,4596
22,4311
21,4397
20,4563
19,4495
18,4706
17,4807
16,4797
15,4615
14,4685
13,4667
12,4679
11,4510
10,4509
09,4896
08,4957
07,4837
06,5008
05,5304
04,5353
03,5362
02,5109
01,4924
00,4875
23,4497
22,4352
21,4309
20,4322
19,4360
18,4355
17,4378
16,4592
15,4632
14,4527
13,4484
12,4500
11,4554
10,4683
09,4808
08,4793
07,5041
06,5324
05,5329
04,5500
03,5490
02,5192
01,5020
00,5091
23,4782
22,4485
21,4587
20,4386
19,4427
18,4444
17,4811
16,5023
15,5098
14,5009
13,4745
12,4710
11,4626
10,4704
09,4731
08,4925
07,5133
06,5443
05,5593
04,5700
03,5642
02,5686
01,5380
00,4848
23,4854
22,4772
21,4774
20,4822
19,4905
18,4881
17,4908
16,4871
15,5307
14,5190
13,4985
12,4739
11,4602
10,4546
09,4685
08,4796
07,4808
06,4998
05,5392
04,5502
03,5514
02,5594
01,5504
00,5309
23,5047
22,4816
21,4763
20,4809
19,4746
18,4768
17,4715
16,4946
15,5296
14,5304
13,5067
12,4592
11,4317
10,4308
09,4355
08,4469
07,4666
06,4813
05,4841
04,4841
03,4964
02,4994
01,4967
00,4765
23,4604
22,4659
21,4909
20,4746
19,4743
18,4991
17,5087
16,5341
15,5091
14,4783
13,4569
12,4491
11,4346
10,4335
09,4345
08,4300
07,4445
06,4633
05,4796
04,5085
03,4991
02,4856
01,4564
00,4521
23,4340
22,4362
21,4142
20,4249
19,4204
18,4202
17,4263
16,4587
15,4534
14,4359
13,4137
12,3906
11,3770
10,3737
09,3776
08,3814
07,3823
06,4024
05,4542
04,4866
03,4817
02,4734
01,4771
00,4503
23,4209
22,4157
21,4143
20,4113
19,4055
18,3858
17,3845
16,3791
15,3787
14,3801
13,3651
12,3655
11,3651
10,3635
09,3829
08,3997
07,4259
06,4336
05,4527
04,4805
03,4951
02,4951
01,5017
00,4795
23,4612
22,4537
21,4501
20,4451
19,4416
18,4403
17,4343
16,4154
15,4108
14,3995
13,3957
12,3981
11,3975
10,3789
09,3845
08,4049
07,4137
06,4446
05,4841
04,5174
03,5287
02,5379
01,5447
00,5193
23,4778
22,4394
21,4245
20,4280
19,4223
18,4156
17,4101
16,4284
15,4716
14,4708
13,4480
12,4350
11,4248
10,4222
09,4200
08,4258
07,4621
06,4799
05,5112
04,5342
03,5371
02,5408
01,5359
00,4981
23,4523
22,4537
21,4487
20,4250
19,4028
18,3969
17,4039
16,4320
15,4503
14,4533
13,4409
12,4210
11,4098
10,4063
09,4051
08,4073
07,4583
06,4850
05,5009
04,5227
03,5551
02,5627
01,5495
00,5248
23,5155
22,5121
21,4950
20,4609
19,4332
18,4145
17,4159
16,4200
15,4475
14,4611
13,4464
12,4205
11,4085
10,3999
09,4036
08,4454
07,4754
06,5008
05,5266
04,5198
03,5491
02,5749
01,5889
00,5802
23,5514
22,5366
21,5138
20,4951
19,4871
18,4694
17,4606
16,4491
15,4354
14,4371
13,4219
12,4091
11,4024
10,3944
09,3993
08,4057
07,4329
06,4521
05,4860
04,5198
03,5646
02,5793
01,5702
00,5511
23,5353
22,5262
21,5049
20,4770
19,4583
18,4377
17,4298
16,4323
15,4806
14,4784
13,4477
12,4253
11,4101
10,4142
09,4134
08,4146
07,4244
06,4447
05,4746
04,4927
03,5188
02,5201
01,5259
00,5078
23,4735
22,4630
21,4369
20,4182
19,4252
18,4294
17,4203
16,4058
15,4049
14,4186
13,4398
12,4305
11,4174
10,4226
09,4225
08,4329
07,4406
06,4765
05,4950
04,5063
03,5109
02,5097
01,4946
00,4600
23,4354
22,4179
21,4187
20,4269
19,4291
18,4211
17,4139
16,4406
15,4358
14,4250
13,4164
12,4009
11,4022
10,4047
09,4253
08,4311
07,4321
06,4489
05,4785
04,5052
03,5274
02,5229
01,4882
00,4602
23,4554
22,4469
21,4431
20,4453
19,4592
18,4969
17,4871
16,4738
15,4910
14,4696
13,4480
12,4336
11,4453
10,4392
09,4517
08,4582
07,4785
06,5081
05,5368
04,5714
03,5577
02,5527
01,5332
00,5295
23,5216
22,4980
21,4903
20,4900
19,4856
18,4838
17,4738
16,4828
15,5000
14,4781
13,4734
12,4516
11,4522
10,4575
09,4633
08,4856
07,5060
06,5264
05,5456
04,5820
03,5790
02,5726
01,5547
00,5619
23,5311
22,5448
21,5483
20,5317
19,5350
18,5183
17,5046
16,5079
15,5023
14,5016
13,4910
12,4450
11,4411
10,4543
09,4693
08,5179
07,5390
06,5820
05,6190
04,6259
03,6315
02,6286
01,6211
00,5857
23,5830
22,5652
21,5409
20,5409
19,5079
18,4926
17,4743
16,4653
15,5448
14,5553
13,5075
12,4795
11,4734
10,4695
09,4752
08,4896
07,4939
06,5291
05,5519
04,5728
03,6070
02,5725
01,6077
00,5864
23,5618
22,5232
21,4943
20,4930
19,4824
18,4824
17,5077
16,5183
15,5125
14,5363
13,5222
12,4963
11,4867
10,4911
09,4960
08,5078
07,4967
06,5317
05,5526
04,5729
03,5854
02,6021
01,5820
00,5231
23,5191
22,4976
21,4845
20,4684
19,4568
18,4532
17,4532
16,4610
15,4960
14,5079
13,4986
12,4873
11,4843
10,4811
09,4897
08,5053
07,5244
06,5277
05,5569
04,5804
03,5707
02,5592
01,5277
00,5024
23,4730
22,4572
21,4582
20,4450
19,4437
18,4417
17,4545
16,4686
15,4711
14,4675
13,4678
12,4582
11,4676
10,4566
09,4603
08,4731
07,4775
06,5049
05,5212
04,5282
03,5271
02,5563
01,5522
00,5503
23,5410
22,5352
21,5318
20,5137
19,4958
18,4803
17,4855
16,4793
15,4815
14,4803
13,4814
12,4806
11,4604
10,4655
09,4689
08,4703
07,4761
06,5073
05,5255
04,5386
03,5443
02,5419
01,5456
00,5268
23,5097
22,5079
21,4708
20,4620
19,4461
18,4519
17,4490
16,4372
15,4475
14,4452
13,4291
12,4172
11,4125
10,4112
09,4222
08,4440
07,4567
06,4927
05,5292
04,5660
03,5513
02,5372
01,5387
00,5153
23,4915
22,4682
21,4628
20,4576
19,4528
18,4447
17,4467
16,4510
15,4680
14,4782
13,4515
12,4521
11,4473
10,4553
09,4595
08,4754
07,4840
06,5127
05,5215
04,5496
03,5413
02,5499
01,5347
00,5266
23,4953
22,4763
21,4595
20,4590
19,4559
18,4464
17,4562
16,4531
15,4654
14,4510
13,4425
12,4226
11,4195
10,4293
09,4452
08,4482
07,4420
06,4718
05,4742
04,4685
03,4689
02,4801
01,4660
00,4635
23,4626
22,4639
21,4580
20,4566
19,4577
18,4583
17,4504
16,4603
15,4793
14,4824
13,4577
12,4407
11,4379
10,4424
09,4722
08,4864
07,4790
06,4831
05,5246
04,5405
03,5730
02,5730
01,5790
00,5260
23,4776
22,4613
21,4589
20,4571
19,4539
18,4400
17,4376
16,4175
15,4087
14,4170
13,4061
12,3989
11,3902
10,3932
09,4153
08,4254
07,4748
06,4864
05,5151
04,5513
03,5865
02,5911
01,5818
00,5478
23,5210
22,5074
21,5090
20,4968
19,4800
18,4679
17,4670
16,4690
15,4755
14,4965
13,4865
12,5008
11,4980
10,4834
09,5045
08,5182
07,5470
06,5995
05,6465
04,6821
03,7009
02,7066
01,6861
00,6498
23,6262
22,6119
21,5953
20,5906
19,5803
18,5785
17,5670
16,5596
15,5635
14,5801
13,5561
12,5341
11,5337
10,5391
09,5627
08,5740
07,5827
06,6125
05,6426
04,6784
03,6890
02,6916
01,6783
00,6650
23,6545
22,6618
21,6364
20,6414
19,6306
18,5815
17,5878
16,5847
15,6205
14,6455
13,6029
12,5900
11,5892
10,5902
09,5911
08,5858
07,5904
06,6243
05,6732
04,6824
03,6935
02,7021
01,7019
00,6742
23,6431
22,6197
21,5909
20,5677
19,5662
18,5569
17,5697
16,5625
15,5755
14,5919
13,5713
12,5608
11,5473
10,5512
09,5624
08,5719
07,5669
06,5980
05,6216
04,6349
03,6492
02,6448
01,6378
00,5875
23,5615
22,5497
21,5472
20,5400
19,5420
18,5382
17,5365
16,5441
15,5494
14,5543
13,5402
12,5272
11,5150
10,5136
09,5246
08,5532
07,5629
06,5746
05,5826
04,5657
03,6064
02,6113
01,5953
00,5969
23,5647
22,5732
21,5698
20,5641
19,5649
18,5392
17,5474
16,5527
15,5552
14,5460
13,5260
12,5245
11,5241
10,5409
09,5536
08,5657
07,5649
06,5856
05,6244
04,6293
03,6405
02,6188
01,5869
00,5431
23,5318
22,5243
21,5265
20,5141
19,5118
18,5103
17,5129
16,5042
15,4926
14,4951
13,4947
12,4937
11,4991
10,5062
09,5212
08,5121
07,5059
06,5485
05,5615
04,5843
03,5957
02,6092
01,5879
00,5706
23,5594
22,5398
21,5294
20,5326
19,5309
18,5312
17,5253
16,5156
15,5045
14,5101
13,5094
12,5009
11,4908
10,4831
09,5050
08,5119
07,5216
06,5543
05,5983
04,6117
03,6345
02,6348
01,6392
00,6280
23,6253
22,6450
21,6272
20,5802
19,5509
18,5471
17,5409
16,5363
15,5254
14,5186
13,4962
12,4895
11,4836
10,4823
09,5014
08,5383
07,5649
06,5880
05,6270
04,6461
03,6640
02,6551
01,6559
00,6417
23,6158
22,5977
21,5857
20,5558
19,5419
18,5362
17,5375
16,5456
15,5399
14,5317
13,5137
12,4947
11,4871
10,4892
09,4956
08,4938
07,4955
06,5490
05,5805
04,6101
03,6167
02,6060
01,5827
00,5587
23,5504
22,5274
21,5200
20,5215
19,5247
18,5299
17,5242
16,5255
15,5241
14,5216
13,5113
12,5011
11,5004
10,4995
09,5124
08,5220
07,5228
06,5458
05,5556
04,5735
03,5910
02,5860
01,5559
00,5210
23,5098
22,5250
21,5211
20,5126
19,4995
18,4970
17,5149
16,5247
15,5328
14,5360
13,5231
12,5105
11,5055
10,5097
09,5134
08,5192
07,5267
06,5603
05,5878
04,6004
03,6066
02,5951
01,5903
00,5564
23,5449
22,5318
21,5310
20,5271
19,5327
18,5263
17,5286
16,5320
15,5249
14,4956
13,4883
12,4775
11,4680
10,4685
09,4870
08,4917
07,5243
06,5439
05,5579
04,5749
03,5871
02,5674
01,5474
00,5241
23,5010
22,5065
21,5099
20,5044
19,5027
18,5083
17,5376
16,5654
15,5464
14,5400
13,5411
12,5497
11,5538
10,5434
09,5383
08,5449
07,5465
06,5591
05,5778
04,5863
03,5937
02,5940
01,5801
00,5728
23,5651
22,5509
21,5504
20,5464
19,5435
18,5546
17,5594
16,5592
15,5304
14,5242
13,5248
12,5241
11,5181
10,5253
09,5400
08,5488
07,5710
06,6039
05,6177
04,6187
03,6223
02,6107
01,5906
00,5842
23,5818
22,5821
21,5893
20,5808
19,5756
18,5866
17,5838
16,5596
15,5628
14,5604
13,5372
12,5368
11,5349
10,5362
09,5445
08,5696
07,5818
06,6097
05,6321
04,6449
03,6711
02,6516
01,6201
00,6174
23,6333
22,6242
21,6442
20,6505
19,6472
18,6548
17,6440
16,6250
15,6165
14,5995
13,5907
12,5884
11,5912
10,5916
09,5796
08,6134
07,6242
06,6320
05,6486
04,6505
03,6602
02,6789
01,6695
00,6267
23,6067
22,6037
21,6118
20,6078
19,6127
18,6252
17,6443
16,6516
15,6532
14,6558
13,6395
12,6138
11,6199
10,6336
09,6168
08,6228
07,6338
06,6308
05,6381
04,6434
03,6483
02,6510
01,6410
00,6159
23,5931
22,5764
21,5756
20,5902
19,6133
18,6348
17,6419
16,6466
15,6486
14,6439
13,6204
12,6103
11,5972
10,5967
09,5917
08,5940
07,5971
06,6239
05,6336
04,6340
03,6183
02,6213
01,6104
00,6063
23,5978
22,5945
21,5863
20,5973
19,6057
18,6256
17,6292
16,6256
15,6267
14,6213
13,6251
12,6237
11,6243
10,6108
09,6239
08,6273
07,6315
06,6371
05,6493
04,6433
03,6529
02,6427
01,6164
00,6116
23,6044
22,6077
21,6009
20,5957
19,6150
18,6245
17,6295
16,6210
15,6208
14,6060
13,5869
12,5797
11,5819
10,5885
09,5859
08,6150
07,6183
06,6256
05,6265
04,6439
03,6505
02,6471
01,6383
00,6329
23,6372
22,6374
21,6370
20,6430
19,6383
18,6487
17,6575
16,6527
15,6462
14,6375
13,6184
12,6004
11,5991
10,6042
09,6177
08,6323
07,6433
06,6422
05,6461
04,6472
03,6510
02,6528
01,6478
00,6326
23,6388
22,6389
21,6462
20,6404
19,6438
18,6570
17,6523
16,6397
15,6293
14,6311
13,6144
12,5974
11,5896
10,5894
09,5989
08,6026
07,6228
06,6220
05,6308
04,6484
03,6409
02,6506
01,6475
00,6447
23,6327
22,6324
21,6318
20,6334
19,6443
18,6320
17,6354
16,6502
15,6516
14,6338
13,6152
12,6016
11,6017
10,6011
09,5903
08,6099
07,6282
06,6350
05,6302
04,6466
03,6564
02,6719
01,6521
00,6153
23,6141
22,6069
21,6088
20,6136
19,6294
18,6301
17,6466
16,6347
15,6382
14,6314
13,6224
12,6095
11,6081
10,6030
09,5829
08,5861
07,5974
06,6190
05,6420
04,6619
03,6688
02,6733
01,6336
00,6132
23,6202
22,6280
21,6183
20,6193
19,6306
18,6309
17,6379
16,6410
15,6198
14,6117
13,5906
12,5802
11,5749
10,5685
09,5743
08,5766
07,5788
06,5914
05,6045
04,6084
03,6053
02,5947
01,5933
00,5943
23,5945
22,5765
21,5814
20,5772
19,5800
18,5892
17,5933
16,5841
15,5780
14,5756
13,5702
12,5775
11,5779
10,5800
09,5839
08,5869
07,5878
06,5904
05,5904
04,6002
03,6082
02,6026
01,5950
00,5846
23,5945
22,5865
21,5868
20,5863
19,5951
18,6000
17,6031
16,6043
15,6033
14,5925
13,5913
12,5878
11,5838
10,5913
09,6006
08,6043
07,6108
06,6167
05,6212
04,6304
03,6338
02,6402
01,6236
00,6002
23,5920
22,6062
21,6091
20,6108
19,6222
18,6380
17,6494
16,6644
15,6520
14,6593
13,6465
12,6451
11,6280
10,6264
09,6264
08,6320
07,6491
06,6648
05,6657
04,6769
03,6721
02,6701
01,6503
00,6462
23,6553
22,6550
21,6547
20,6509
19,6580
18,6557
17,6706
16,6859
15,6938
14,6857
13,6794
12,6540
11,6496
10,6654
09,6604
08,6443
07,6668
06,6693
05,6865
04,6952
03,6907
02,6830
01,6589
00,6610
23,6326
22,6172
21,6168
20,6511
19,6506
18,6554
17,6723
16,6846
15,6793
14,6508
13,6337
12,6234
11,6215
10,6489
09,6456
08,6514
07,6487
06,6984
05,7212
04,7213
03,7208
02,6788
01,6771
00,6517
23,6251
22,6218
21,6319
20,6397
19,6558
18,6659
17,6869
16,6916
15,6798
14,6645
13,6479
12,6182
11,6192
10,6125
09,5998
08,6021
07,6342
06,6630
05,6882
04,7032
03,7150
02,6900
01,6360
00,6140
23,6059
22,5996
21,6098
20,6055
19,6243
18,6375
17,6314
16,6395
15,6585
14,6295
13,6093
12,5981
11,5945
10,5954
09,5876
08,5894
07,5950
06,6055
05,6091
04,6149
03,6132
02,6130
01,6117
00,5917
23,5851
22,5770
21,5717
20,5707
19,5791
18,6032
17,5997
16,5932
15,5956
14,5971
13,5893
12,5909
11,5902
10,5902
09,5933
08,5988
07,6037
06,6036
05,6116
04,6166
03,6250
02,6276
01,6113
00,6069
23,5906
22,5811
21,5850
20,5917
19,6198
18,6216
17,6275
16,6207
15,6172
14,6116
13,6030
12,5983
11,5973
10,5981
09,5983
08,6027
07,6129
06,6235
05,6483
04,6627
03,6613
02,6640
01,6508
00,6466
23,6167
22,6161
21,6151
20,6153
19,6312
18,6433
17,6582
16,6642
15,6581
14,6609
13,6307
12,6114
11,6135
10,6108
09,6136
08,6315
07,6417
06,6521
05,6611
04,6493
03,6536
02,6527
01,6401
00,6272
23,6016
22,5851
21,5818
20,6046
19,6113
18,6073
17,6263
16,6476
15,6767
14,6450
13,6312
12,6191
11,6036
10,6041
09,6056
08,6078
07,6189
06,6279
05,6243
04,6382
03,6420
02,6520
01,6291
00,6078
23,6095
22,6049
21,6069
20,6077
19,6110
18,6360
17,6499
16,6768
15,6746
14,6608
13,6371
12,6102
11,5956
10,6064
09,6130
08,6124
07,6206
06,6314
05,6300
04,6428
03,6453
02,6566
01,6382
00,6293
23,6135
22,6175
21,6236
20,6346
19,6357
18,6390
17,6433
16,6568
15,6712
14,6493
13,6138
12,5923
11,5837
10,5804
09,5886
08,5848
07,6090
06,6318
05,6413
04,6493
03,6813
02,6551
01,6567
00,6263
23,6076
22,6048
21,5954
20,5956
19,5888
18,6033
17,6063
16,5964
15,5892
14,5718
13,5622
12,5518
11,5472
10,5420
09,5407
08,5549
07,5621
06,5843
05,5913
04,6077
03,6199
02,6187
01,6188
00,6025
23,5712
22,5735
21,5673
20,5654
19,5683
18,5771
17,5787
16,5792
15,5598
14,5545
13,5494
12,5437
11,5408
10,5450
09,5491
08,5636
07,5827
06,5843
05,5856
04,5936
03,5919
02,5917
01,5951
00,5848
23,5752
22,5662
21,5637
20,5639
19,5587
18,5693
17,5717
16,5723
15,5682
14,5649
13,5369
12,5312
11,5304
10,5318
09,5468
08,5613
07,5734
06,5888
05,5868
04,5899
03,5949
02,6125
01,6017
00,5723
23,5608
22,5528
21,5481
20,5504
19,5649
18,5702
17,5720
16,5673
15,5600
14,5592
13,5477
12,5328
11,5254
10,5259
09,5303
08,5506
07,5457
06,5664
05,5733
04,5620
03,5553
02,5519
01,5606
00,5653
23,5643
22,5671
21,5673
20,5654
19,5678
18,5696
17,5758
16,5617
15,5519
14,5504
13,5424
12,5392
11,5404
10,5478
09,5563
08,5563
07,5738
06,5731
05,5796
04,5900
03,6107
02,6201
01,6293
00,6040
23,5900
22,5903
21,5880
20,5919
19,6001
18,5982
17,5950
16,5969
15,5880
14,5812
13,5700
12,5596
11,5525
10,5543
09,5676
08,5728
07,5928
06,6172
05,6223
04,6029
03,6254
02,6488
01,6216
00,6020
23,5861
22,5725
21,5740
20,5875
19,5920
18,6019
17,6052
16,6088
15,5942
14,5941
13,5928
12,5537
11,5476
10,5547
09,5455
08,5613
07,5721
06,5732
05,5799
04,5901
03,6065
02,6256
01,6012
00,6070
23,5880
22,5880
21,5990
20,6073
19,6051
18,6033
17,6132
16,6059
15,6213
14,6060
13,6023
12,5890
11,5851
10,5862
09,5832
08,5652
07,5779
06,5862
05,5888
04,6071
03,6199
02,6202
01,6074
00,5980
23,5877
22,5899
21,5915
20,5952
19,5829
18,5821
17,5823
16,5759
15,5720
14,5761
13,5615
12,5604
11,5633
10,5682
09,5719
08,5846
07,5859
06,5889
05,5856
04,5960
03,5889
02,6005
01,6027
00,5981
23,6058
22,6012
21,5973
20,5995
19,6064
18,6125
17,6152
16,5992
15,5940
14,5955
13,5831
12,5762
11,5717
10,5777
09,5879
08,5941
07,5960
06,6047
05,6242
04,6497
03,6384
02,6710
01,6410
00,6289
23,6134
22,6089
21,6089
20,6185
19,6215
18,6241
17,6348
16,6479
15,6454
14,6443
13,5900
12,5796
11,5819
10,5833
09,5921
08,6046
07,6344
06,6647
05,6632
04,6941
03,6962
02,6734
01,6444
00,6344
23,6167
22,6137
21,6115
20,6085
19,6139
18,6286
17,6355
16,6347
15,6498
14,6488
13,6160
12,5867
11,5916
10,5937
09,5821
08,5917
07,6187
06,6332
05,6242
04,6234
03,6347
02,6351
01,6181
00,6170
23,6430
22,6201
21,6134
20,6154
19,6285
18,6335
17,6455
16,6418
15,6248
14,6236
13,5998
12,5897
11,5885
10,5844
09,5966
08,5962
07,6117
06,6159
05,6338
04,6447
03,6435
02,6654
01,6626
00,6387
23,6385
22,6321
21,6278
20,6231
19,6231
18,6251
17,6319
16,6294
15,6190
14,5941
13,5758
12,5588
11,5499
10,5498
09,5623
08,5648
07,5834
06,5867
05,5937
04,6152
03,6165
02,6125
01,6044
00,6162
23,6170
22,6155
21,6074
20,6060
19,6107
18,6109
17,6140
16,6105
15,6043
14,5831
13,5739
12,5647
11,5413
10,5394
09,5391
08,5535
07,5678
06,5690
05,5796
04,5925
03,5991
02,5929
01,5921
00,6052
23,5956
22,5737
21,5667
20,5600
19,5583
18,5623
17,5616
16,5519
15,5420
14,5477
13,5463
12,5384
11,1676684
10,5385
09,5387
08,5474
07,5638
06,5631
05,5680
04,5744
03,5850
02,5808
01,5809
00,5823
23,5938
22,5885
21,5894
20,6000
19,5948
18,5968
17,5975
16,5806
15,5645
14,5646
13,5612
12,5570
11,5514
10,5494
09,5647
08,5778
07,6100
06,6185
05,6331
04,6465
03,6602
02,6585
01,6488
00,6454
23,6375
22,6297
21,6236
20,6137
19,6157
18,6239
17,6357
16,6261
15,6172
14,6083
13,5854
12,5616
11,5589
10,5583
09,5711
08,5837
07,6271
06,6356
05,6557
04,6712
03,6770
02,6989
01,6933
00,6843
23,6562
22,6402
21,6269
20,6164
19,6239
18,6425
17,6469
16,6451
15,6484
14,6427
13,6153
12,5905
11,5802
10,5867
09,6032
08,6112
07,6414
06,6534
05,6721
04,6865
03,6899
02,7046
01,7280
00,6898
23,6672
22,6600
21,6364
20,6362
19,6306
18,6243
17,6396
16,6357
15,6335
14,6366
13,6188
12,5958
11,5747
10,5873
09,6096
08,6450
07,6894
06,6883
05,7198
04,7289
03,7430
02,7320
01,7534
00,7539
23,7138
22,7053
21,6732
20,6673
19,6640
18,6630
17,6526
16,6268
15,6318
14,6213
13,6005
12,5900
11,5740
10,5710
09,5625
08,5611
07,5805
06,6143
05,6318
04,6543
03,6737
02,6578
01,6635
00,6790
23,6711
22,6202
21,6138
20,6052
19,6005
18,6122
17,6174
16,6230
15,6172
14,5867
13,5479
12,5300
11,5201
10,5194
09,5010
08,4918
07,4988
06,5246
05,5327
04,5378
03,5651
02,5639
01,5561
00,5594
23,5281
22,5257
21,5131
20,4980
19,5025
18,5051
17,4988
16,5083
15,4977
14,5013
13,5015
12,4844
11,4684
10,4705
09,4777
08,5054
07,5114
06,5354
05,5497
04,5433
03,5683
02,5685
01,5561
00,5366
23,5229
22,5201
21,5181
20,5156
19,5198
18,5094
17,5069
16,5017
15,5239
14,5227
13,5025
12,4760
11,4724
10,4729
09,4779
08,4885
07,4984
06,5226
05,5469
04,5606
03,5765
02,5852
01,5606
00,5353
23,5247
22,5032
21,4787
20,4741
19,4717
18,4707
17,4749
16,4826
15,5317
14,4969
13,4812
12,4663
11,4598
10,4515
09,4535
08,4648
07,4601
06,4828
05,5247
04,5390
03,5421
02,5403
01,5384
00,5191
23,5155
22,5339
21,5316
20,5251
19,5275
18,5170
17,5076
16,5273
15,5440
14,5189
13,4876
12,4808
11,4778
10,4765
09,4773
08,4933
07,4946
06,5164
05,5480
04,5590
03,5553
02,5614
01,5604
00,5427
23,5351
22,5248
21,5093
20,4996
19,4998
18,5048
17,5054
16,4860
15,5060
14,4968
13,4928
12,4733
11,4722
10,4689
09,4643
08,4692
07,4864
06,5031
05,5136
04,5410
03,5562
02,5551
01,5366
00,5024
23,4938
22,4851
21,4796
20,4769
19,4853
18,4988
17,4978
16,4923
15,5164
14,5065
13,4922
12,4802
11,4615
10,4669
09,4736
08,4728
07,4824
06,4970
05,5102
04,5146
03,5005
02,4979
01,5090
00,4846
23,4902
22,4900
21,4918
20,4892
19,4911
18,4970
17,4816
16,4748
15,4785
14,4874
13,4628
12,4428
11,4437
10,4488
09,4539
08,4624
07,4804
06,4918
05,5389
04,5601
03,5622
02,5613
01,5545
00,5508
23,5513
22,5477
21,5440
20,5526
19,5301
18,5175
17,5194
16,4995
15,4974
14,5035
13,5045
12,4837
11,4763
10,4790
09,4925
08,5147
07,5314
06,5526
05,5579
04,5746
03,5792
02,5757
01,6089
00,6040
23,5901
22,5628
21,5714
20,5651
19,5282
18,5323
17,5186
16,5057
15,5024
14,4952
13,4967
12,4891
11,4910
10,4926
09,5139
08,5397
07,5216
06,5288
05,5077
04,5154
03,5206
02,5133
01,5142
00,4954
23,4948
22,4912
21,4834
20,4842
19,4750
18,4837
17,4873
16,4716
15,4782
14,4750
13,4493
12,4669
11,4850
10,4823
09,4867
08,5061
07,5402
06,5612
05,5615
04,5682
03,5757
02,5980
01,6147
00,6156
23,6201
22,6153
21,6094
20,5696
19,5639
18,5680
17,5411
16,5448
15,5357
14,5486
13,5255
12,4997
11,4905
10,4868
09,4977
08,4982
07,5179
06,5408
05,5536
04,5814
03,5892
02,5974
01,6054
00,6053
23,5994
22,5892
21,5611
20,5698
19,5532
18,5648
17,5337
16,5359
15,5467
14,5447
13,5219
12,5103
11,5099
10,4921
09,5002
08,5030
07,4983
06,5146
05,5440
04,5754
03,5726
02,5744
01,5801
00,5698
23,5419
22,5519
21,5393
20,5271
19,5107
18,4964
17,4990
16,4988
15,5061
14,5029
13,5047
12,4846
11,4885
10,4821
09,4798
08,4955
07,5101
06,5392
05,5625
04,5668
03,5775
02,5622
01,5840
00,5850
23,5929
22,5956
21,5923
20,5751
19,5676
18,5583
17,5504
16,5409
15,5335
14,5155
13,4968
12,4880
11,4807
10,4786
09,4748
08,4833
07,4938
06,5219
05,5320
04,5569
03,5731
02,5785
01,5757
00,5834
23,5640
22,5485
21,5249
20,5069
19,4967
18,4884
17,4750
16,4602
15,4517
14,4446
13,4461
12,4428
11,4467
10,4492
09,4660
08,4694
07,5068
06,5617
05,5716
04,5812
03,5764
02,5911
01,5904
00,5870
23,5816
22,5478
21,5284
20,5057
19,4975
18,4907
17,4878
16,4723
15,4753
14,4708
13,4719
12,4625
11,4590
10,4657
09,4872
08,5279
07,5454
06,5704
05,5613
04,5720
03,5771
02,5717
01,5877
00,5755
23,5777
22,5673
21,5597
20,5561
19,5491
18,5363
17,5252
16,5340
15,5312
14,5194
13,5037
12,4705
11,4522
10,4592
09,4676
08,4851
07,5004
06,5199
05,5277
04,5415
03,5649
02,5514
01,5444
00,5502
23,5342
22,5216
21,5296
20,5130
19,5044
18,5042
17,4986
16,4908
15,5077
14,5125
13,5066
12,4740
11,4635
10,4666
09,4739
08,4784
07,4859
06,5099
05,5299
04,5474
03,5616
02,5823
01,5717
00,5554
23,5238
22,5112
21,5078
20,5232
19,5192
18,5284
17,5111
16,5052
15,5427
14,5272
13,4904
12,4609
11,4544
10,4552
09,4509
08,4768
07,4941
06,5162
05,5234
04,5404
03,5554
02,5770
01,5634
00,5681
23,5594
22,5414
21,5318
20,5123
19,5088
18,5091
17,5112
16,5030
15,5004
14,4614
13,4786
12,4549
11,4349
10,4353
09,4317
08,4362
07,4413
06,4618
05,4805
04,5063
03,5445
02,5472
01,5662
00,5719
23,5615
22,5536
21,5384
20,5305
19,5113
18,4968
17,5113
16,5038
15,4940
14,4823
13,4663
12,4487
11,4408
10,4391
09,4455
08,4560
07,4715
06,4852
05,4917
04,4950
03,5028
02,5171
01,5450
00,5547
23,5327
22,5116
21,5180
20,5130
19,4931
18,4802
17,4677
16,4528
15,4334
14,4285
13,4388
12,4367
11,4440
10,4517
09,4469
08,4930
07,5098
06,5133
05,5100
04,5169
03,5110
02,5337
01,5387
00,5580
23,5491
22,5354
21,5017
20,4882
19,4836
18,4698
17,4648
16,4498
15,4509
14,4559
13,4487
12,4434
11,4348
10,4430
09,4463
08,4680
07,4944
06,5146
05,5267
04,5274
03,5473
02,5520
01,5398
00,5592
23,5630
22,5550
21,5361
20,4959
19,4913
18,4929
17,4970
16,4915
15,4935
14,4869
13,4619
12,4390
11,4372
10,4377
09,4363
08,4418
07,4709
06,5027
05,5238
04,5309
03,5423
02,5603
01,5563
00,5735
23,5707
22,5671
21,5495
20,5144
19,5006
18,4747
17,4773
16,4831
15,4964
14,4939
13,4741
12,4533
11,4417
10,4400
09,4495
08,4577
07,4685
06,4944
05,5001
04,5055
03,5298
02,5318
01,5453
00,5307
23,5148
22,5122
21,5034
20,4831
19,4797
18,4735
17,4780
16,4878
15,5008
14,4901
13,4743
12,4589
11,4508
10,4473
09,4485
08,4648
07,4968
06,5100
05,5312
04,5445
03,5480
02,5586
01,5664
00,5742
23,5580
22,5600
21,5484
20,5441
19,5354
18,5325
17,5803
16,5381
15,5203
14,4973
13,4863
12,4728
11,4857
10,4940
09,4965
08,4893
07,5141
06,5303
05,5491
04,5691
03,5866
02,5926
01,6017
00,6248
23,6114
22,5867
21,5564
20,5602
19,5524
18,5506
17,5380
16,5338
15,5255
14,5070
13,4857
12,4741
11,4780
10,4756
09,4648
08,4712
07,4959
06,5244
05,5464
04,5697
03,5874
02,6012
01,6054
00,6018
23,5850
22,5707
21,5312
20,4955
19,4783
18,4592
17,4552
16,4436
15,4478
14,4181
13,4020
12,4016
11,3985
10,4105
09,4179
08,4297
07,4433
06,4657
05,4718
04,4851
03,4959
02,5140
01,5189
00,5302
23,5055
22,5113
21,5047
20,4861
19,4758
18,4923
17,4410
16,4414
15,4334
14,4230
13,4399
12,4364
11,4325
10,4331
09,4372
08,4420
07,4771
06,5224
05,5606
04,5898
03,6167
02,6322
01,6263
00,6110
23,6000
22,5791
21,5801
20,5855
19,5667
18,5559
17,5460
16,5340
15,5253
14,5207
13,5218
12,5164
11,5227
10,5189
09,5225
08,5335
07,5327
06,5411
05,5596
04,5606
03,5799
02,5871
01,5793
00,5930
23,5867
22,5765
21,5646
20,5582
19,5428
18,5381
17,5310
16,5345
15,5389
14,5379
13,5328
12,5149
11,5136
10,5141
09,5133
08,5155
07,5217
06,5326
05,5485
04,5630
03,5585
02,5907
01,5917
00,5861
23,5716
22,5581
21,5585
20,5370
19,5256
18,5230
17,5254
16,5276
15,5176
14,5177
13,5108
12,4955
11,4952
10,4947
09,4942
08,5025
07,5043
06,5161
05,5206
04,5393
03,5630
02,5608
01,5433
00,5355
23,5362
22,5208
21,5155
20,5180
19,5108
18,5189
17,5208
16,5187
15,5028
14,5060
13,4989
12,4863
11,4820
10,4783
09,4804
08,5009
07,5007
06,5080
05,5587
04,5972
03,6100
02,6133
01,5974
00,5936
23,5797
22,5668
21,5616
20,5543
19,5591
18,5577
17,5646
16,5628
15,5945
14,6083
13,5720
12,5404
11,5362
10,5338
09,5258
08,5307
07,5388
06,5649
05,5852
04,6258
03,6406
02,6243
01,6136
00,6055
23,5936
22,5823
21,5737
20,5785
19,5683
18,5597
17,5500
16,5488
15,5466
14,5507
13,5478
12,5463
11,5446
10,5446
09,5493
08,5680
07,5784
06,5975
05,5896
04,5880
03,6195
02,6328
01,6478
00,6436
23,6283
22,6450
21,6182
20,6047
19,5873
18,5713
17,5677
16,5563
15,5250
14,5227
13,5373
12,5224
11,5195
10,5204
09,5149
08,5174
07,5476
06,5757
05,5876
04,5956
03,5897
02,6091
01,6139
00,6298
23,6467
22,6445
21,6248
20,6215
19,6200
18,6192
17,6097
16,5885
15,5730
14,5641
13,5659
12,5583
11,5535
10,5563
09,5604
08,5678
07,5778
06,5862
05,5868
04,5915
03,6039
02,6103
01,6207
00,6335
23,6298
22,6278
21,6086
20,6026
19,5912
18,5795
17,5695
16,5670
15,5641
14,5675
13,5667
12,5552
11,5555
10,5572
09,5634
08,5635
07,5666
06,5844
05,5879
04,6003
03,6209
02,6271
01,6253
00,6324
23,6371
22,6272
21,6235
20,6124
19,6118
18,6028
17,5902
16,5774
15,5637
14,5600
13,5627
12,5570
11,5524
10,5518
09,5540
08,5578
07,5730
06,5750
05,5796
04,5916
03,6047
02,6038
01,6120
00,6271
23,6113
22,6002
21,5953
20,5859
19,5787
18,5746
17,5681
16,5669
15,5605
14,5635
13,5599
12,5501
11,5482
10,5489
09,5525
08,5559
07,5442
06,5699
05,6044
04,6219
03,6219
02,6201
01,6190
00,6241
23,6297
22,6256
21,6161
20,6017
19,6112
18,6040
17,5899
16,5796
15,5689
14,5691
13,5608
12,5448
11,5426
10,5447
09,5411
08,5334
07,5201
06,5233
05,5348
04,5425
03,5618
02,5736
01,5751
00,5644
23,5505
22,5252
21,5252
20,5190
19,5040
18,4959
17,4915
16,4815
15,4736
14,4686
13,4738
12,4666
11,4663
10,4664
09,4649
08,4638
07,4577
06,4693
05,4926
04,5060
03,5097
02,5171
01,5262
00,5202
23,4998
22,4916
21,4867
20,4802
19,4899
18,4767
17,4753
16,4715
15,4454
14,4335
13,4236
12,4207
11,4170
10,4097
09,4070
08,4105
07,4099
06,4104
05,4222
04,4304
03,4353
02,4344
01,4473
00,4573
23,4583
22,4590
21,4565
20,4528
19,4380
18,4336
17,4257
16,4190
15,4142
14,4075
13,4052
12,4018
11,3986
10,3981
09,4026
08,4096
07,4109
06,4347
05,4268
04,4368
03,4434
02,4444
01,4478
00,4276
23,4226
22,4428
21,4348
20,4209
19,4386
18,4572
17,4421
16,4343
15,4214
14,4192
13,4129
12,4010
11,3990
10,4031
09,4164
08,4334
07,4614
06,4572
05,4592
04,4822
03,4893
02,4739
01,5012
00,5192
23,5929
22,5875
21,5943
20,5951
19,6150
18,6142
17,6235
16,6289
15,6229
14,6171
13,5971
12,5639
11,5711
10,5720
09,5751
08,5746
07,5842
06,5896
05,5863
04,5853
03,6048
02,6128
01,6127
00,5849
23,5712
22,5633
21,5665
20,5737
19,5770
18,5897
17,6013
16,6127
15,5936
14,5986
13,6047
12,6079
11,6062
10,6011
09,6070
08,5946
07,5944
06,6231
05,6397
04,6413
03,6399
02,6516
01,6492
00,6305
23,6120
22,6161
21,6225
20,6137
19,6157
18,6290
17,6384
16,6415
15,6226
14,6067
13,6043
12,5898
11,5890
10,5889
09,5936
08,5973
07,6082
06,6207
05,6309
04,6311
03,6334
02,6316
01,6193
00,6356
23,6246
22,6288
21,6164
20,6429
19,6848
18,7113
17,6977
16,6860
15,6932
14,6865
13,6696
12,6630
11,6503
10,6623
09,6677
08,6593
07,6722
06,6845
05,7009
04,7015
03,7062
02,7026
01,7034
00,6599
23,6496
22,6431
21,6365
20,6454
19,6553
18,6769
17,6829
16,7068
15,7306
14,7271
13,7146
12,6948
11,6951
10,6801
09,6735
08,6496
07,6729
06,7034
05,7247
04,7097
03,7041
02,6982
01,6909
00,6994
23,6681
22,6592
21,6475
20,6567
19,6735
18,6869
17,6993
16,7028
15,7201
14,7071
13,6844
12,6672
11,6558
10,6465
09,6450
08,6443
07,6450
06,6809
05,6937
04,6851
03,6945
02,6921
01,6897
00,6434
23,6237
22,6159
21,6150
20,6259
19,6446
18,6555
17,6692
16,6815
15,7100
14,6908
13,6805
12,6530
11,6438
10,6381
09,6325
08,6263
07,6389
06,6417
05,6569
04,6716
03,6735
02,6660
01,6629
00,6720
23,6825
22,6767
21,6708
20,6745
19,6712
18,6700
17,6761
16,6742
15,6645
14,6597
13,6436
12,6322
11,6195
10,6208
09,6229
08,6285
07,6361
06,6591
05,6725
04,6737
03,6667
02,6639
01,6636
00,6352
23,6353
22,6208
21,6201
20,6212
19,6306
18,6373
17,6255
16,6295
15,6326
14,6218
13,6221
12,6137
11,6133
10,6106
09,6076
08,6137
07,6172
06,6237
05,6480
04,6514
03,6530
02,6563
01,6494
00,6193
23,6084
22,6078
21,6055
20,6041
19,5993
18,6001
17,6065
16,6016
15,5913
14,6003
13,6120
12,6073
11,6098
10,6055
09,6127
08,6186
07,6273
06,6467
05,6790
04,6879
03,6855
02,6986
01,6823
00,6683
23,6527
22,6501
21,6500
20,6564
19,6645
18,6678
17,6673
16,6659
15,6690
14,6604
13,6446
12,6220
11,6092
10,6126
09,6194
08,6399
07,6555
06,6748
05,6812
04,6841
03,6830
02,6837
01,6791
00,6582
23,6479
22,6508
21,6494
20,6514
19,6471
18,6579
17,6633
16,6613
15,6668
14,6549
13,6413
12,6298
11,6269
10,6189
09,6168
08,6024
07,6207
06,6436
05,6471
04,6588
03,6659
02,6723
01,6656
00,6289
23,6316
22,6312
21,6318
20,6317
19,6306
18,6284
17,6445
16,6500
15,6524
14,6349
13,6179
12,5923
11,5841
10,5831
09,5877
08,5971
07,6169
06,6458
05,6559
04,6696
03,6737
02,6675
01,6545
00,6454
23,6239
22,6207
21,6116
20,6130
19,6164
18,6291
17,6331
16,6596
15,6717
14,6574
13,6453
12,6421
11,6365
10,6328
09,6324
08,6234
07,6260
06,6429
05,6656
04,6704
03,6757
02,6728
01,6478
00,6280
23,6141
22,6043
21,6106
20,6115
19,6139
18,6229
17,6507
16,6734
15,6817
14,6724
13,6455
12,6307
11,6176
10,6142
09,6123
08,6109
07,6370
06,6443
05,6576
04,6694
03,6715
02,6544
01,6418
00,6276
23,6389
22,6328
21,6269
20,6288
19,6276
18,6258
17,6395
16,6347
15,6337
14,6356
13,6461
12,6397
11,6397
10,6391
09,6383
08,6341
07,6494
06,6551
05,6575
04,6637
03,6652
02,6667
01,6613
00,6665
23,6525
22,6386
21,6389
20,6518
19,6716
18,6660
17,6706
16,6645
15,6607
14,6626
13,6561
12,6347
11,6239
10,6265
09,6249
08,6284
07,6407
06,6447
05,6514
04,6540
03,6477
02,6360
01,6220
00,6159
23,6353
22,6436
21,6461
20,6473
19,6527
18,6654
17,6829
16,6745
15,6813
14,6715
13,6617
12,6490
11,6423
10,6342
09,6340
08,6309
07,6322
06,6389
05,6497
04,6479
03,6471
02,6500
01,6530
00,6491
23,6172
22,6041
21,6013
20,6024
19,6220
18,6381
17,6420
16,6534
15,6555
14,6764
13,6673
12,6395
11,6465
10,6439
09,6393
08,6191
07,6427
06,6814
05,7002
04,6957
03,6941
02,6980
01,6993
00,6557
23,6250
22,6228
21,6311
20,6461
19,6489
18,6734
17,6866
16,6916
15,7313
14,7195
13,7026
12,6610
11,6582
10,6629
09,6563
08,6501
07,6616
06,6677
05,6898
04,7000
03,6986
02,6949
01,6756
00,6454
23,6194
22,6103
21,6118
20,6182
19,6222
18,6599
17,6657
16,6709
15,7122
14,6938
13,6707
12,6481
11,6467
10,6459
09,6456
08,6462
07,6501
06,6817
05,6947
04,7127
03,7132
02,7168
01,6966
00,6808
23,6781
22,6739
21,6710
20,6748
19,6722
18,6767
17,6828
16,6872
15,7218
14,7039
13,6546
12,6389
11,6352
10,6363
09,6399
08,6369
07,6509
06,6570
05,6702
04,6807
03,6808
02,6758
01,6516
00,6446
23,6361
22,6329
21,6307
20,6313
19,6356
18,6466
17,6541
16,6602
15,6455
14,6408
13,6242
12,6452
11,6399
10,6368
09,6386
08,6395
07,6496
06,6494
05,6568
04,6757
03,6707
02,6779
01,6894
00,6574
23,6495
22,6192
21,6221
20,6426
19,6441
18,6467
17,6474
16,6404
15,6375
14,6335
13,6164
12,6076
11,6106
10,6073
09,6027
08,6026
07,6221
06,6343
05,6370
04,6484
03,6475
02,6558
01,6442
00,6248
23,6200
22,6235
21,6106
20,6110
19,6214
18,6379
17,6253
16,6253
15,6283
14,6390
13,6223
12,6130
11,6034
10,6038
09,5971
08,5994
07,6126
06,6264
05,6142
04,6057
03,6065
02,6116
01,6175
00,6287
23,6240
22,6359
21,6450
20,6439
19,6463
18,6409
17,6451
16,6407
15,6416
14,6324
13,6323
12,6340
11,6264
10,6196
09,6199
08,6262
07,6330
06,6375
05,6407
04,6470
03,6635
02,6704
01,6665
00,6545
23,6516
22,6531
21,6598
20,6695
19,6749
18,6743
17,6738
16,6791
15,6623
14,6629
13,6423
12,6542
11,6553
10,6469
09,6390
08,6412
07,6503
06,6572
05,6569
04,6501
03,6586
02,6610
01,6575
00,6603
23,6513
22,6571
21,6564
20,6542
19,6564
18,6557
17,6502
16,6474
15,6514
14,6591
13,6365
12,6092
11,6109
10,6159
09,6171
08,6105
07,6175
06,6080
05,6157
04,6159
03,6186
02,6241
01,6297
00,6388
23,6322
22,6310
21,6378
20,6373
19,6410
18,6476
17,6618
16,6499
15,6325
14,6386
13,6266
12,6217
11,6044
10,6078
09,6116
08,6141
07,6064
06,6163
05,6182
04,6298
03,6429
02,6427
01,6494
00,6358
23,6272
22,6284
21,6268
20,6293
19,6359
18,6364
17,6235
16,6148
15,6128
14,6131
13,6017
12,5949
11,5854
10,5895
09,6039
08,6057
07,6207
06,6262
05,6523
04,6892
03,6833
02,6674
01,6651
00,6333
23,6256
22,6212
21,6165
20,6151
19,6245
18,6289
17,6344
16,6538
15,6707
14,6622
13,6379
12,6321
11,6164
10,6208
09,6246
08,6266
07,6293
06,6364
05,6423
04,6533
03,6487
02,6521
01,6584
00,6653
23,6528
22,6527
21,6345
20,6288
19,6500
18,6692
17,6750
16,6764
15,6870
14,6819
13,6501
12,6384
11,6198
10,6131
09,6172
08,6150
07,6219
06,6414
05,6482
04,6440
03,6442
02,6439
01,6434
00,6464
23,6294
22,6277
21,6209
20,6217
19,6221
18,6259
17,6343
16,6437
15,6630
14,6491
13,6162
12,6016
11,5947
10,5856
09,5908
08,5794
07,5752
06,5868
05,6026
04,6171
03,6203
02,6203
01,6296
00,6246
23,6279
22,6156
21,6083
20,6138
19,6232
18,6251
17,6431
16,6401
15,6267
14,6087
13,5979
12,5792
11,5708
10,5639
09,5494
08,5575
07,5675
06,5674
05,5616
04,5728
03,5800
02,5891
01,5871
00,5783
23,5820
22,5757
21,5665
20,5649
19,5670
18,5664
17,5626
16,5616
15,5598
14,5461
13,5190
12,5094
11,5049
10,5009
09,5015
08,5007
07,5243
06,5431
05,5498
04,5560
03,5506
02,5560
01,5353
00,5313
23,5355
22,5287
21,5382
20,5476
19,5378
18,5449
17,5607
16,5473
15,5251
14,5222
13,5218
12,5193
11,5124
10,5084
09,5073
08,5161
07,0
06,0
05,0
04,0
03,0
02,0
01,0
00,0
23,0
22,0
21,0
20,0
19,0
18,0
17,0
16,0
15,0
14,0
13,0
12,0
11,0
10,0
09,0
08,0
07,5220
06,5418
05,5517
04,5583
03,5665
02,5705
01,5549
00,5474
23,5547
22,5397
21,5445
20,5412
19,5498
18,5576
17,5529
16,5538
15,5502
14,5316
13,5198
12,5003
11,5012
10,4991
09,4996
08,4957
07,5143
06,5260
05,5311
04,5427
03,5472
02,5541
01,5488
00,5630
23,5743
22,5732
21,5722
20,5731
19,5742
18,5760
17,5764
16,5586
15,5653
14,5562
13,5490
12,5369
11,5334
10,5301
09,5370
08,5427
07,5599
06,5643
05,5706
04,5697
03,5689
02,5601
01,5584
00,5601
23,5596
22,5541
21,5387
20,5588
19,5696
18,5744
17,5565
16,5505
15,5397
14,5292
13,5236
12,5234
11,5311
10,5292
09,5326
08,5200
07,5452
06,5656
05,5768
04,5789
03,5850
02,5922
01,5653
00,5645
23,5633
22,5715
21,5725
20,5861
19,5884
18,5809
17,5836
16,5722
15,5868
14,5812
13,5649
12,5459
11,5343
10,5486
09,5445
08,5410
07,5507
06,5548
05,5654
04,5710
03,5903
02,6023
01,6051
00,5857
23,5789
22,5797
21,5843
20,5818
19,5802
18,5749
17,5682
16,5482
15,5529
14,5550
13,5273
12,5390
11,5360
10,5341
09,5245
08,5359
07,5264
06,5317
05,5388
04,5581
03,5708
02,5726
01,5632
00,5619
23,5465
22,5512
21,5430
20,5349
19,5388
18,5420
17,5501
16,5490
15,5456
14,5329
13,5604
12,5592
11,5603
10,5596
09,5521
08,5539
07,5805
06,6028
05,6015
04,5962
03,6001
02,6050
01,5974
00,5652
23,5604
22,5364
21,5471
20,5420
19,5494
18,5781
17,5741
16,5787
15,5790
14,5632
13,5340
12,5624
11,5547
10,5374
09,5534
08,5479
07,5608
06,5878
05,5823
04,5982
03,5961
02,6029
01,5978
00,6072
23,5915
22,5831
21,5785
20,5852
19,5978
18,6081
17,5903
16,5801
15,5923
14,5786
13,5657
12,5513
11,5464
10,5458
09,5482
08,5584
07,5698
06,5840
05,5996
04,6131
03,6184
02,6289
01,5938
00,5915
23,6011
22,5994
21,5941
20,5921
19,5992
18,6010
17,6072
16,5880
15,5968
14,5828
13,5685
12,5622
11,5639
10,5620
09,5524
08,5489
07,5794
06,5943
05,6089
04,6127
03,6118
02,6318
01,6178
00,5910
23,5728
22,5743
21,5747
20,5760
19,5758
18,5723
17,5821
16,5918
15,5914
14,5785
13,5535
12,5323
11,5165
10,5141
09,5213
08,5227
07,5595
06,5863
05,6020
04,6180
03,6263
02,6345
01,6294
00,6190
23,6009
22,5888
21,5916
20,6022
19,5941
18,5883
17,5990
16,5941
15,6131
14,6023
13,5708
12,5578
11,5536
10,5539
09,5569
08,5218
07,5762
06,5838
05,5996
04,6012
03,6085
02,6168
01,6137
00,6133
23,6044
22,6010
21,5968
20,5944
19,5971
18,5834
17,5731
16,5654
15,5720
14,5748
13,5498
12,5265
11,5197
10,5223
09,5185
08,5160
07,5147
06,5393
05,5479
04,5585
03,5705
02,5786
01,5870
00,5845
23,5911
22,5685
21,5571
20,5448
19,5373
18,5353
17,5290
16,5169
15,5112
14,5178
13,5049
12,5087
11,5021
10,4934
09,5053
08,5137
07,5294
06,5438
05,5745
04,5698
03,5750
02,5889
01,5965
00,5948
23,5938
22,5746
21,5684
20,5496
19,5481
18,5432
17,5420
16,5270
15,5133
14,5224
13,5112
12,5032
11,5008
10,5010
09,5084
08,5197
07,5395
06,5532
05,5866
04,5976
03,6048
02,6069
01,6041
00,5900
23,5945
22,5832
21,5787
20,6006
19,6002
18,6016
17,5911
16,5804
15,5804
14,5760
13,5559
12,5411
11,5235
10,5253
09,5335
08,5399
07,5481
06,5607
05,5697
04,5747
03,5806
02,5828
01,5843
00,5668
23,5597
22,5639
21,5583
20,5744
19,5710
18,5622
17,5707
16,5651
15,5665
14,5606
13,5574
12,5524
11,5275
10,5254
09,5257
08,5385
07,5525
06,5804
05,5814
04,5908
03,5998
02,5997
01,5837
00,5987
23,5997
22,5905
21,5899
20,5883
19,5872
18,5683
17,5650
16,5640
15,5648
14,5587
13,5664
12,5561
11,5369
10,5404
09,5433
08,5424
07,5384
06,5606
05,6035
04,6079
03,6092
02,6174
01,6057
00,5947
23,5989
22,5983
21,5895
20,5850
19,5876
18,5761
17,5839
16,5672
15,5640
14,5620
13,5480
12,5197
11,5149
10,5178
09,5178
08,5231
07,5129
06,5254
05,5540
04,5739
03,6118
02,6249
01,6295
00,6387
23,6312
22,6243
21,6079
20,5986
19,5955
18,5917
17,5848
16,5760
15,5772
14,5748
13,5661
12,5635
11,5594
10,5527
09,5418
08,5361
07,5340
06,5259
05,5364
04,5574
03,5823
02,5960
01,5970
00,5858
23,5763
22,5693
21,5713
20,5626
19,5635
18,5710
17,5793
16,5789
15,5704
14,5607
13,5532
12,5501
11,5481
10,5497
09,5506
08,5524
07,5534
06,5760
05,5896
04,5969
03,6078
02,6192
01,6206
00,6370
23,6194
22,6157
21,6020
20,5857
19,5900
18,5796
17,5731
16,5579
15,5427
14,5466
13,5421
12,5386
11,5532
10,5522
09,5510
08,5523
07,5520
06,5866
05,5963
04,5989
03,6077
02,6239
01,6369
00,6489
23,6412
22,6297
21,6156
20,6066
19,5997
18,5894
17,5716
16,5648
15,5738
14,5872
13,5688
12,5549
11,5518
10,5508
09,5560
08,5695
07,5677
06,5796
05,5920
04,5933
03,5891
02,5991
01,6091
00,6246
23,6206
22,6012
21,5903
20,5880
19,5899
18,5871
17,5741
16,5715
15,5743
14,5748
13,5721
12,5486
11,5398
10,5292
09,5586
08,5621
07,5597
06,5757
05,5924
04,5933
03,5921
02,5980
01,5958
00,6040
23,6015
22,5961
21,5864
20,5884
19,5882
18,5806
17,5815
16,5905
15,5834
14,5832
13,5731
12,5588
11,5537
10,5415
09,5424
08,5373
07,5417
06,5500
05,5601
04,5757
03,5774
02,5791
01,5778
00,5812
23,5788
22,5658
21,5817
20,5860
19,5826
18,5807
17,5853
16,5882
15,5900
14,5814
13,5775
12,5616
11,5492
10,5498
09,5562
08,5618
07,5558
06,5628
05,5614
04,5731
03,5807
02,5843
01,5853
00,5969
23,6037
22,6081
21,6073
20,6011
19,5918
18,5918
17,5806
16,5689
15,5616
14,5571
13,5559
12,5447
11,5423
10,5337
09,5371
08,5529
07,5559
06,5648
05,5691
04,5862
03,5928
02,5980
01,6008
00,6079
23,6016
22,6012
21,6031
20,6144
19,6021
18,6020
17,5891
16,5755
15,5610
14,5461
13,5368
12,5321
11,5326
10,5372
09,5441
08,5486
07,5616
06,5610
05,5572
04,5672
03,5730
02,5732
01,5887
00,5942
23,5918
22,5862
21,5716
20,5811
19,5904
18,5751
17,5587
16,5426
15,5421
14,5487
13,5469
12,5394
11,5414
10,5395
09,5475
08,5444
07,5479
06,5721
05,5758
04,5668
03,5702
02,5799
01,5872
00,5933
23,6023
22,6035
21,6137
20,6196
19,6171
18,6037
17,5884
16,5809
15,5731
14,5654
13,5638
12,5568
11,5544
10,5572
09,5590
08,5670
07,5597
06,5752
05,5765
04,5876
03,5895
02,6039
01,6072
00,6183
23,6191
22,6167
21,6182
20,6128
19,6014
18,5785
17,5698
16,5620
15,5634
14,5707
13,5785
12,5595
11,5522
10,5531
09,5567
08,5611
07,5673
06,5849
05,5875
04,6016
03,6153
02,6274
01,6447
00,6669
23,6621
22,6580
21,6476
20,6299
19,6244
18,6121
17,5968
16,5852
15,5718
14,5750
13,5757
12,5693
11,5690
10,5684
09,5751
08,5780
07,5800
06,5930
05,5972
04,5995
03,6115
02,6182
01,6297
00,6517
23,6472
22,6411
21,6301
20,6160
19,6166
18,5986
17,5805
16,5658
15,5543
14,5672
13,5791
12,5699
11,5655
10,5687
09,5719
08,5776
07,5670
06,5748
05,5712
04,5855
03,6049
02,6194
01,6239
00,6233
23,6262
22,6136
21,6023
20,5811
19,5703
18,5774
17,5725
16,5625
15,5549
14,5443
13,5443
12,5427
11,5376
10,5405
09,5444
08,5479
07,5425
06,5420
05,5605
04,5898
03,5976
02,6107
01,6208
00,6375
23,6290
22,6201
21,6145
20,6073
19,5839
18,5696
17,5627
16,5442
15,5253
14,5178
13,5239
12,5269
11,5249
10,5271
09,5184
08,5376
07,5492
06,5717
05,5663
04,5916
03,5994
02,6129
01,6259
00,6380
23,6310
22,6271
21,6012
20,5912
19,5834
18,5856
17,5828
16,5718
15,5529
14,5374
13,5397
12,5442
11,5503
10,5410
09,5421
08,5526
07,6141
06,6672
05,6999
04,7281
03,7316
02,7358
01,7460
00,7664
23,7402
22,7295
21,7119
20,7241
19,7336
18,7075
17,6872
16,6717
15,6549
14,6599
13,6570
12,6463
11,6473
10,6451
09,6444
08,6550
07,6806
06,6928
05,7034
04,7048
03,7200
02,7281
01,7336
00,7504
23,7541
22,7465
21,7424
20,7343
19,7237
18,7105
17,7000
16,6800
15,6592
14,6570
13,6558
12,6383
11,6325
10,6330
09,6387
08,6426
07,6404
06,6644
05,6701
04,6795
03,6886
02,6890
01,7014
00,7132
23,7067
22,6965
21,6873
20,6848
19,6868
18,6708
17,6610
16,6481
15,6470
14,6435
13,6418
12,6319
11,6238
10,6192
09,6213
08,6286
07,6243
06,6422
05,6563
04,6600
03,6683
02,6732
01,6682
00,6687
23,6622
22,6636
21,6716
20,6739
19,6769
18,6865
17,6802
16,6660
15,6601
14,6608
13,6630
12,6576
11,6493
10,6525
09,6488
08,6567
07,6505
06,6498
05,6590
04,6593
03,6638
02,6682
01,6788
00,6982
23,6990
22,6897
21,6814
20,6709
19,6517
18,6562
17,6713
16,6686
15,6519
14,6435
13,6393
12,6233
11,6200
10,6241
09,6297
08,6204
07,6266
06,6545
05,6750
04,6914
03,7081
02,7046
01,7212
00,7382
23,7369
22,7278
21,6971
20,6692
19,6587
18,6404
17,6405
16,6283
15,6144
14,6083
13,6120
12,6118
11,6110
10,6158
09,6273
08,6296
07,6440
06,6476
05,6360
04,6457
03,6643
02,6744
01,6964
00,7062
23,7066
22,7017
21,6900
20,6861
19,6718
18,6452
17,6297
16,6407
15,6105
14,6026
13,6219
12,6137
11,6116
10,6181
09,6215
08,6307
07,6337
06,6647
05,6783
04,6829
03,6953
02,7106
01,7373
00,7561
23,7620
22,7554
21,7333
20,7249
19,7335
18,7217
17,7081
16,6848
15,6659
14,6527
13,6603
12,6446
11,6457
10,6462
09,6709
08,6751
07,6727
06,7002
05,6963
04,7011
03,7210
02,7329
01,7630
00,7727
23,7559
22,7269
21,6950
20,6760
19,6594
18,6569
17,6587
16,6413
15,6223
14,6223
13,6376
12,6316
11,6149
10,6050
09,6134
08,6357
07,6428
06,6752
05,7204
04,7354
03,7649
02,7640
01,7947
00,8051
23,8011
22,8073
21,7886
20,7658
19,7594
18,7448
17,7374
16,7139
15,6850
14,6774
13,6716
12,6523
11,6565
10,6571
09,6634
08,6753
07,7039
06,7149
05,7280
04,7402
03,7690
02,7902
01,8094
00,8208
23,8122
22,8119
21,7932
20,7640
19,7569
18,7665
17,7367
16,7252
15,7155
14,7088
13,7126
12,7084
11,6945
10,7012
09,7123
08,7202
07,7022
06,7103
05,7238
04,7396
03,7633
02,7812
01,7909
00,8039
23,7981
22,7886
21,7870
20,7634
19,7479
18,7396
17,7133
16,6960
15,6873
14,6817
13,6844
12,6635
11,6617
10,6655
09,6623
08,6746
07,6821
06,6934
05,7288
04,7514
03,7676
02,7762
01,7888
00,7922
23,7810
22,7711
21,7743
20,7546
19,7275
18,6954
17,6830
16,6517
15,6193
14,6159
13,6264
12,6279
11,6205
10,6218
09,6203
08,6537
07,6913
06,7197
05,7386
04,7593
03,7647
02,7655
01,7863
00,7986
23,7944
22,7808
21,7776
20,7610
19,7645
18,7571
17,7620
16,7342
15,6989
14,6810
13,6801
12,6788
11,6824
10,6851
09,6894
08,6955
07,7052
06,7374
05,7572
04,7511
03,7573
02,7695
01,7942
00,8109
23,8022
22,8023
21,7804
20,7602
19,7708
18,7585
17,7522
16,7337
15,7142
14,7131
13,7191
12,7091
11,7044
10,7038
09,7037
08,7025
07,7018
06,7346
05,7476
04,7626
03,7797
02,8014
01,8228
00,8378
23,8279
22,8155
21,7959
20,7823
19,7828
18,7680
17,7542
16,7231
15,7142
14,7199
13,7177
12,7062
11,7025
10,7015
09,6988
08,7060
07,7136
06,7216
05,7309
04,7576
03,7697
02,7702
01,7928
00,8102
23,8069
22,7978
21,7814
20,7516
19,7263
18,7041
17,6846
16,6783
15,6733
14,6621
13,6502
12,6272
11,6239
10,6249
09,6382
08,6488
07,6434
06,6692
05,6972
04,7200
03,7286
02,7264
01,7352
00,7185
23,7178
22,7241
21,7242
20,7097
19,7036
18,6906
17,6843
16,6820
15,6792
14,6786
13,6756
12,6554
11,6493
10,6424
09,6435
08,6484
07,6545
06,6909
05,7245
04,7312
03,7479
02,7443
01,7396
00,7429
